Arcade Gamer Fubuki,1000
Xiao Cangshu Di Di de Chi Bo Richang,1001
Gakuen Basara: Samurai High School,1001
Future Boy Conan,1001
Jin Se De Da Yan,1001
Pretty Guardian Sailor Moon Crystal,1002
Xiaodou Pai Pai: Qingshang Pei You,1002
Calm,1003
Super Dimension Century Orguss,1004
Boukyaku Battery: Jump Festa 2020 Special,1004
Nerima Daikon Brothers,1004
Qin Shi Mingyue: Tian Xing Jiu Ge,1005
Go! Princess Pretty Cure,1006
Natsume Yuujinchou: Itsuka Yuki no Hi ni,1008
Clannad,1008
Taisei Kensetsu: Bosporus Kaikyou Tunnel,1009
Xinghe Zhizun 2nd Season,1010
Ranma 1/2 Nettou Uta Gassen,1011
Yu Yu Hakusho: Mu Mu Hakusho,1011
Kakuza Tousan,1013
Shachiku-san wa Youjo Yuurei ni Iyasaretai.,1013
Apache Yakyuugun,1014
Riku wa Yowakunai,1015
White Fantasy,1015
perfume BVH import,1015
Peeping Life x Beppu City Collaboration,1015
Eun-sil-i,1016
Zetman,1017
(K)NoW_NAME: Knew day,1017
Hime-sama Goyoujin,1018
Your Gay Thoughts: To Disappear,1019
X-Men,1020
Triton of the Sea (1979),1021
NINO & Evan Call: Jyou Jyou,1022
Yume no Majutsushi,1022
Extreme Escape Adventure: Good People Die,1023
FAKE TYPE: BEELZEBUZ,1024
Fate/Grand Order: All In! Las Vegas Championship Match: Seven Duels of Swordbeauties! Event PV,1024
Charlotte Special,1026
Xue Ying Lingzhu Zhi Qiyu Pian,1026
Tokyo Mew Mew New,1027
Momo Kyun Sword,1028
Fate/Grand Order: Moonlight/Lostroom,1028
Boku ga Ai Shita Subete no Kimi e,1028
Dead Girls,1029
Bakuman. 2,1029
Dr. Slump Movie 7: Arale-chan N-cha! Pengin-mura yori Ai wo komete,1029
Ganbare! Bokura no Hit and Run,1031
Kaze wo Nuke!,1031
Kinnikuman Movie 5: Haresugata! Seigi Choujin,1031
Please Twins: The Summer Never Ends,1031
Kaguya-sama: Love is War - Ultra Romantic,1032
Mob Psycho 100 II,1033
Fei Zhi Baike: Yuanlai Ni Shi Zheyang de Zhiwu 2nd Season,1033
newspaper,1034
Mobile Suit Gundam Wing: Endless Waltz Movie,1034
Rebirth Moon Divergence,1035
Kiss Kiss Kiss,1035
Magical Girl Ore,1035
Roselia: Black Shout,1035
Girls und Panzer der Film: Akiyama Yukari no Sensha Kouza,1036
Akane Aki: FlashBack,1037
Jin: Kagerou Daze,1038
My Teen Romantic Comedy SNAFU Climax,1039
Rabbit Tailor,1039
dMatsu-san,1040
Da Hu Fa,1041
The Troubled Life of Miss Kotoura,1042
Wolf Girl and Black Prince Recap,1043
Nakoruru,1044
JoJo's Bizarre Adventure: Golden Wind Recaps,1045
Major Movie: Yuujou no Winning Shot,1045
Date a Live Movie: Mayuri Judgement,1046
Yawara! Special: Zutto Kimi no Koto ga,1047
Ichiban Chikakute Tooi Hoshi,1047
Pokemon Movie 14: Black - Victini and Reshiram,1048
The Elder Sister-Like One,1049
Rilu Rilu Fairilu: Mahou no Kagami,1049
My Wife Is the Student Council President! OVA: Okusama Gekijou,1049
Squid Introspection,1050
Visions of Frank: Short Films by Japan's Most Audacious Animators,1050
Ashita no Kibou: Kanashimi yo Arigatou - Takae Tsuneo Monogatari,1050
Yumeiro Pâtissière,1050
Miao Xian Sheng,1051
Pinocchio-P: Secret HIMITSU,1051
Benkei and Ushiwakamaru,1051
Miniforce,1051
KY-kei JC Kuuki-chan,1053
Bakusou Kyoudai Let's & Go!! WGP,1054
Wo de Tian Jie Nuyou,1055
Mole Zhuang Yuan 3: Mohuan Lieche Da Maoxian,1055
Ado: Yoru no Pierrot (360° ver.),1055
Honobono Log,1056
Typhoon Noruda,1056
Guai Laotou Er,1057
Ran,1057
Neru: Sekai wo Kowashite Iru,1057
Kano: Haru ni Ochite,1058
Sorcerer Hunters OVA,1058
Futsal Boys!!!!!,1058
22/7: 8+3=?,1059
Xie Wang Zhui Qi Zhi Yishi Qingcheng,1059
Panpan no Tou: Ongaku wa Tomatta,1060
Din Dong,1061
Kabushiki Kaisha Zoo,1061
Sakura Wars: Ecole de Paris,1061
Oz no Mahou Tsukai Movie,1061
Kuragehime Specials,1063
Pokemon: The Origin,1065
The [email protected]: Cinderella Girls Theater Climax Season,1066
Tian Tian Hao Haizi,1066
Sword Gai: The Animation Part II,1067
Kochira Katsushikaku Kameari Kouenmae Hashutsujo (Shinsaku),1067
Examurai Sengoku,1068
Hawaiian Rock'n Roll,1068
Doraemon Movie 30: Nobita's Great Mermaid Naval Battle,1068
Orbital Era,1068
K: Seven Stories Movie 5 - Memory of Red ~BURN~,1068
Yu Yu Hakusho,1069
Kakusansei Million Arthur OP,1069
Tarzan,1069
Zettai Shounen,1069
Bakusou Kyoudai Let's & Go!! MAX,1069
Kaitou Lupin: 813 no Nazo,1070
Forest Fairy Five,1071
Rockeppe,1071
Living with Garfield,1071
Armored Dragon Legend Villgust,1072
Kyuumei Senshi Nanosaver,1073
Wan Shen Ji,1073
Tako ni Natta Okaasan,1073
Mahoutsukai Haley no Speed Story,1073
The Spirits of Cairn,1074
Blue Seed 1.5,1075
Tatakae! Dokan-kun: Gekitou-kun,1076
40-Shuunen da yo! Coro Coro All-Star Shougakkou,1076
Naita Aka Oni,1077
Xiong Bing Lian 3,1077
Mr. Osomatsu: Virgin Hero,1077
Tsukiuta. The Animation,1077
Chogattai Majutsu Robot Ginguiser,1078
Anime Roukyoku Kikou Shimizu no Jirochouden,1078
Maido! Urayasu Tekkin Kazoku,1078
Hiiragi Kirai: Eureka,1079
Captain Future: Kareinaru Taiyokei Race,1079
Eternal Alice: Eikyuu Alice Rondo - Extra Song,1080
Kyoro-chan,1081
A Little Princess Sara,1081
Ayane's High Kick,1081
Heart,1082
Dragon Ball Super: FNS 27 Hour TV,1082
Those Who Hunt Elves II,1083
Pi Pi Lixian Ji,1083
Yowamushi Pedal: Re:RIDE,1083
Gu Xiong,1086
Suzy's Zoo Daisuki! Witzy,1086
Zongyou Yaoguai Xiang Hai Zhen,1086
Inishie no Megami to Houseki no Ite,1086
Fist of the North Star: Legend of Yuria,1086
Mobile Suit Gundam Wing: Frozen Teardrop Picture Drama - Aratanaru Tatakai,1087
The Seven Heavenly Virtues,1087
"You're Being Summoned, Azazel Z",1087
Ulysses 31,1088
Usagi no Matthew,1088
Shin Skyers 5,1088
Orange -Mirai-,1088
Buddha Saitan,1089
Mafumafu: Handicap,1089
Seraph of the End: The Beginning of the End,1089
Onaka no Ookina Ouji-sama,1090
Yinhe Zhi Xin,1090
Dragon Ball Movie 2: Sleeping Princess in Devil's Castle,1090
Sheep in the Island,1091
GREAT3: Haiku,1093
Daaree,1093
Detective Conan: Amuro Secret Call,1094
Amanatsu,1094
Baoxiao Haha Zhen,1096
Umineko: When They Cry Specials,1097
100-nichikan Ikita Wani,1097
Thermae Romae,1098
Shita-kiri Suzume,1098
Hanamaru Koutsuu Anzen,1098
The Ones Within,1098
Higanjima X,1098
Scryed,1098
Hetalia: World Series Extra Episodes,1099
Transformers: Armada,1099
Delinquent Hamsters 2,1100
Oni Girl!! x Mameshiba,1101
"Mori no Kuma-san, Toumin-chuu.",1102
Folktales from Japan,1103
Kupu~!! Mamegoma!,1104
Baka and Test - Summon the Beasts Mini Anime,1104
Nozo x Kimi,1104
Miss Monochrome: Watashi dake no Monogatari,1106
Hokuro Kyodai Full Throttle!!!!,1106
Ace of the Diamond: Second Season,1106
Ghost in the Shell: Stand Alone Complex 2nd Gig,1106
